{"labels": [0, 2, 1, 0, 0, 0, 0, 2, 0, 0, 1, 0, 2, 0, 0, 2, 0, 0, 1, 1, 0, 1, 1, 2, 0, 2, 1, 2, 2, 2, 1, 0, 0, 2, 2, 1, 0, 1, 0, 1, 0, 1, 2, 0, 2, 1, 2, 0, 1, 0, 1, 0, 0, 2, 0, 0, 2, 0, 0, 0, 0, 2, 2, 0, 0, 0, 1, 1, 0, 0, 0, 1, 1, 0, 0, 0, 0, 1, 1, 0, 1, 1, 0, 2, 2, 0, 2, 1, 2, 2, 2, 0, 0, 2, 0, 0, 0, 1, 0, 0, 2, 0, 0, 0, 0, 0, 1, 2, 0, 0, 0, 0, 0, 0, 1, 0, 0, 0, 0, 0, 0, 2, 1, 0, 0, 0, 0, 0, 0, 1, 1, 0, 0, 2, 0, 0, 0, 0, 1, 0, 0, 0, 0, 0, 0, 0, 2, 0, 0, 0, 1, 0, 0, 0, 0, 0, 0, 0, 0, 0, 0, 0, 0, 0, 0, 0, 0, 0, 0, 1, 0, 0, 0, 0, 0, 0, 0, 0, 0, 0, 0, 0, 0, 0, 0, 0, 1, 0, 0, 0, 0, 0, 0, 2, 0, 0, 0, 0, 1, 0, 0, 2, 2, 0, 0, 0, 0], "scores": [0.9611547589302063, 0.045306675136089325, 0.028509041294455528, 0.02416868507862091, 0.018856298178434372, 0.017482556402683258, 0.014737016521394253, 0.014684164896607399, 0.014509639702737331, 0.01450289785861969, 0.013057099655270576, 0.01283647958189249, 0.012617770582437515, 0.01208045706152916, 0.012060810811817646, 0.012039165943861008, 0.01179246511310339, 0.010976744815707207, 0.0107225701212883, 0.010263587348163128, 0.010094640776515007, 0.009830979630351067, 0.009774954989552498, 0.009758380241692066, 0.00923409778624773, 0.009003291837871075, 0.008798914961516857, 0.008636555634438992, 0.00856128428131342, 0.00822361558675766, 0.0081807104870677, 0.008122442290186882, 0.007916341535747051, 0.007744701113551855, 0.007617387920618057, 0.007577782962471247, 0.007512799929827452, 0.007505457848310471, 0.00723950145766139, 0.006612385623157024, 0.006607338320463896, 0.006552921142429113, 0.006275044288486242, 0.006245350930839777, 0.0061166007071733475, 0.006027968600392342, 0.006008067633956671, 0.0059974524192512035, 0.005967969540506601, 0.005889311898499727, 0.005506542045623064, 0.005276680923998356, 0.005204852670431137, 0.005151158664375544, 0.005138694308698177, 0.005067161750048399, 0.0050048744305968285, 0.0048300400376319885, 0.004796980880200863, 0.004785582888871431, 0.004714168142527342, 0.0046304939314723015, 0.004480163566768169, 0.004417348653078079, 0.004309606272727251, 0.00419492507353425, 0.004140854347497225, 0.004009702708572149, 0.004008735995739698, 0.003946863114833832, 0.003916445188224316, 0.003886620979756117, 0.003877202747389674, 0.0038195454981178045, 0.0037911012768745422, 0.0035986737348139286, 0.0035740479361265898, 0.003549790708348155, 0.003500547958537936, 0.003486942034214735, 0.0034653102047741413, 0.0034382427111268044, 0.003432664554566145, 0.0034063286148011684, 0.00333662168122828, 0.003328724531456828, 0.0032690726220607758, 0.0032568906899541616, 0.003256264142692089, 0.0032172901555895805, 0.003168267197906971, 0.0031606818083673716, 0.0031577611807733774, 0.003127678297460079, 0.003115108935162425, 0.003074543783441186, 0.0030566584318876266, 0.003051994601264596, 0.003038771217688918, 0.003037204034626484, 0.0030228414107114077, 0.002983387792482972, 0.0029692959506064653, 0.002968680113554001, 0.002943860599771142, 0.0029432661831378937, 0.0028972437139600515, 0.00288068107329309, 0.0028576587792485952, 0.002843795344233513, 0.002834351034834981, 0.0028075515292584896, 0.0027976473793387413, 0.002792414976283908, 0.002761359326541424, 0.002739736344665289, 0.0027222444768995047, 0.002713041612878442, 0.0027110734954476357, 0.0027044948656111956, 0.0026956675574183464, 0.0026950109750032425, 0.002685733838006854, 0.0026823042426258326, 0.002681732876226306, 0.002665521577000618, 0.0026581021957099438, 0.0026457514613866806, 0.002636346500366926, 0.002622907282784581, 0.002622223924845457, 0.0026212476659566164, 0.002620988292619586, 0.00261877803131938, 0.0026137339882552624, 0.0026129919569939375, 0.002612626412883401, 0.00260206894017756, 0.00260151200927794, 0.0026014847680926323, 0.002590428339317441, 0.0025843996554613113, 0.0025814934633672237, 0.0025765649043023586, 0.002570614917203784, 0.0025661890394985676, 0.0025551053695380688, 0.002554078586399555, 0.002553293714299798, 0.0025490312837064266, 0.0025468464009463787, 0.0025418943259865046, 0.0025377993006259203, 0.0025341659784317017, 0.0025335648097097874, 0.002529715420678258, 0.0025289838667958975, 0.0025162941310554743, 0.002515210071578622, 0.002509575802832842, 0.0025074672885239124, 0.002505915006622672, 0.0025008695665746927, 0.0024986022617667913, 0.0024950611405074596, 0.002489566570147872, 0.0024852219503372908, 0.0024838275276124477, 0.0024785518180578947, 0.002472738502547145, 0.0024722397793084383, 0.002469388535246253, 0.0024690479040145874, 0.002468446735292673, 0.0024679957423359156, 0.002467080485075712, 0.002466329373419285, 0.002465577330440283, 0.0024635132867842913, 0.002457865746691823, 0.0024466444738209248, 0.0024436041712760925, 0.0024389729369431734, 0.002435454400256276, 0.002435320056974888, 0.002428110223263502, 0.0024276794865727425, 0.0024174880236387253, 0.002413142705336213, 0.002412746660411358, 0.0024113731924444437, 0.0024106840137392282, 0.0024105829652398825, 0.002406267449259758, 0.0024008408654481173, 0.0023976487573236227, 0.0023961185943335295, 0.0023923523258417845, 0.0023896247148513794, 0.002389020286500454, 0.002372259506955743, 0.002371738199144602, 0.0023573662620037794, 0.002355006756260991, 0.0023532037157565355, 0.002351217670366168, 0.0023511729668825865],