{"labels": [0, 0, 2, 1, 0, 1, 2, 0, 0, 1, 0, 1, 2, 1, 1, 0, 0, 1, 0, 2, 2, 2, 1, 2, 1, 0, 2, 0, 0, 1, 1, 0, 0, 2, 2, 2, 1, 2, 2, 1, 2, 1, 0, 0, 0, 0, 2, 0, 2, 2, 1, 0, 2, 0, 1, 0, 2, 0, 1, 1, 0, 0, 0, 0, 0, 0, 0, 0, 0, 1, 0, 0, 2, 1, 1, 1, 1, 2, 0, 0, 1, 2, 2, 0, 0, 0, 0, 2, 0, 2, 0, 0, 1, 0, 0, 0, 0, 0, 0, 1, 0, 0, 2, 0, 2, 0, 2, 1, 0, 0, 0, 0, 0, 0, 1, 1, 1, 1, 0, 1, 0, 0, 0, 0, 1, 1, 0, 1, 0, 1, 0, 0, 1, 0, 0, 0, 0, 0, 0, 2, 0, 1, 2, 0, 0, 1, 0, 0, 1, 1, 1, 1, 0, 0, 0, 0, 0, 0, 1, 0, 0, 0, 0, 2, 1, 0, 1, 0, 0, 0, 1, 0, 0, 0, 2, 0, 0, 1, 1, 2, 1, 1, 0, 0, 0], "scores": [0.9590600728988647, 0.03742172196507454, 0.03168681636452675, 0.02130095474421978, 0.020262068137526512, 0.016575850546360016, 0.016256270930171013, 0.014143774285912514, 0.013906864449381828, 0.013124939985573292, 0.012594937346875668, 0.012329061515629292, 0.012140489183366299, 0.012098795734345913, 0.011539081111550331, 0.011296969838440418, 0.010894381441175938, 0.010889372788369656, 0.009898587130010128, 0.00967183243483305, 0.009623216465115547, 0.009519441053271294, 0.009515692479908466, 0.009456475265324116, 0.009440556168556213, 0.00915773306041956, 0.009024017490446568, 0.008523395285010338, 0.008454140275716782, 0.008335080929100513, 0.008198591880500317, 0.008177326060831547, 0.008034535683691502, 0.007915113121271133, 0.007526863366365433, 0.007510222028940916, 0.0072263022884726524, 0.006986300926655531, 0.006624721456319094, 0.006545212119817734, 0.006382524035871029, 0.006190322805196047, 0.006137463264167309, 0.005931518971920013, 0.005863436963409185, 0.005561376456171274, 0.00555511424317956, 0.005521406885236502, 0.0055143581703305244, 0.005022608209401369, 0.004887293092906475, 0.004795284941792488, 0.0046622008085250854, 0.004660490900278091, 0.0046533867716789246, 0.004520118702203035, 0.004516069311648607, 0.0044582984410226345, 0.004437911324203014, 0.0041989670135080814, 0.004171192646026611, 0.0040958113968372345, 0.004060924518853426, 0.004042793996632099, 0.004010222852230072, 0.0038778602611273527, 0.0038742409087717533, 0.0038295991253107786, 0.003808517474681139, 0.0037960815243422985, 0.003738507628440857, 0.0036479898262768984, 0.003647939534857869, 0.003627923084422946, 0.0036253698635846376, 0.0036215719301253557, 0.0035444716922938824, 0.0035077263601124287, 0.0034481873735785484, 0.0034382985904812813, 0.0034311164636164904, 0.0034114120062440634, 0.0034017411526292562, 0.0033514807000756264, 0.003347008256241679, 0.0033228069078177214, 0.003269293112680316, 0.0032300548627972603, 0.003222896484658122, 0.00321970391087234, 0.0032187814358621836, 0.0032071094028651714, 0.0032056663185358047, 0.0031861993484199047, 0.003170932410284877, 0.003136409679427743, 0.003086578566581011, 0.003080162685364485, 0.0030645704828202724, 0.003061116673052311, 0.0030506066977977753, 0.0030488751363009214, 0.0030308389104902744, 0.0030097526032477617, 0.00300889415666461, 0.0029926595743745565, 0.0029923750553280115, 0.002949318615719676, 0.002942386083304882, 0.0029134703800082207, 0.0029121602419763803, 0.002905013505369425, 0.002904654247686267, 0.0029026069678366184, 0.002896166406571865, 0.0028826084453612566, 0.0028737166430801153, 0.0028606904670596123, 0.0028533453587442636, 0.0028518696781247854, 0.002840454690158367, 0.002839172026142478, 0.002837460720911622, 0.0028115271124988794, 0.0028038425371050835, 0.002794735599309206, 0.002794472500681877, 0.0027879662811756134, 0.002786729484796524, 0.002783584175631404, 0.002780332462862134, 0.002779497066512704, 0.0027665102388709784, 0.002765526296570897, 0.002763997530564666, 0.0027571790851652622, 0.0027301565278321505, 0.002699482487514615, 0.0026969111058861017, 0.0026923720724880695, 0.0026895389892160892, 0.0026872018352150917, 0.0026633560191839933, 0.0026622440200299025, 0.002661334117874503, 0.0026496145874261856, 0.0026486003771424294, 0.0026389581616967916, 0.0026348198298364878, 0.002632788149639964, 0.0026308302767574787, 0.002622653031721711, 0.0026215706020593643, 0.0026167139876633883, 0.002615757053717971, 0.0026157198008149862, 0.002608035458251834, 0.0026022964157164097, 0.0026014798786491156, 0.002594491234049201, 0.0025831672828644514, 0.0025760135613381863, 0.0025743087753653526, 0.0025627778377383947, 0.002562312176451087, 0.002556105609983206, 0.002555432263761759, 0.0025546348188072443, 0.0025458182208240032, 0.002545776776969433, 0.0025446536019444466, 0.0025430067908018827, 0.0025340153370052576, 0.0025274830404669046, 0.002527004573494196, 0.0025261561386287212, 0.002516539301723242, 0.0025147483684122562, 0.0025140964426100254, 0.0025131029542535543, 0.0025089490227401257, 0.002508851233869791, 0.00250163022428751, 0.0024962269235402346, 0.002490848070010543],